{
  "oldParams": true,
  "wave_type": 1,
  "p_env_attack": 0,
  "p_env_sustain": 0.256,
  "p_env_punch": -0.04210851659363564,
  "p_env_decay": 0.234,
  "p_base_freq": 0.219,
  "p_freq_limit": 0.062,
  "p_freq_ramp": 0.124,
  "p_freq_dramp": 0.274,
  "p_vib_strength": 0,
  "p_vib_speed": 0.062,
  "p_arp_mod": -1,
  "p_arp_speed": 0.197,
  "p_duty": 0.465,
  "p_duty_ramp": 0,
  "p_repeat_speed": 0.0779920231175161,
  "p_pha_offset": 0.199,
  "p_pha_ramp": 0,
  "p_lpf_freq": 0.428,
  "p_lpf_ramp": -0.443,
  "p_lpf_resonance": -0.014578960343968606,
  "p_hpf_freq": -0.012044849336191175,
  "p_hpf_ramp": 0.0339354052156467,
  "sound_vol": 0.25,
  "sample_rate": 44100,
  "sample_size": 8,
  "p_vib_delay": null
}